BuildingType,PrimaryPropertyType,Neighborhood,YearBuilt,NumberofBuildings,NumberofFloors,PropertyGFATotal,ENERGYSTARScore,SourceEUIWN(kBtu/sf),SiteEnergyUseWN(kBtu),SteamUse(kBtu),Electricity(kBtu),NaturalGas(kBtu),OtherFuelUse(kBtu),TotalGHGEmissions,GHGEmissionsIntensity,DecadeBuilt,NoBuildings,NoFloors,pct_SteamUse,pct_Electricity,pct_NaturalGas,pct_OtherFuelUse
NonResidential,Small- and Mid-Sized Office,Southeast,1967,1.0,2.0,23250,51.0,131.2,920082.0,0.0,962765.0,0.0,0.0,6.71,0.11,1970s,,2-5,0.0,104.64,0.0,0.0
NonResidential,Educational Building,East,1968,1.0,5.0,40809,34.0,157.2,3150445.0,0.0,1487573.0,1297547.0,0.0,79.28,1.79,1970s,,2-5,0.0,47.22,41.19,0.0
NonResidential,Large Office,Magnolia / queen anne,2000,1.0,5.0,162420,51.0,257.4,7649110.0,0.0,7649428.0,0.0,0.0,53.32,0.13,2000s,,2-5,0.0,100.0,0.0,0.0
SPS-District K-12,Educational Building,Northwest,1970,1.0,1.0,42239,71.0,110.6,2649612.0,0.0,1064387.0,1132500.0,0.0,67.57,1.49,1970s,,0-1,0.0,40.17,42.74,0.0
NonResidential,Non-Refrigerated Warehouse,Greater duwamish,1949,1.0,1.0,20796,,91.5,1004779.0,0.0,405450.0,599346.0,0.0,34.66,1.58,1950s,,0-1,0.0,40.35,59.65,0.0
NonResidential,Mixed Use Property,Greater duwamish,1931,1.0,1.0,46183,,115.9,2054337.0,0.0,1596307.0,392776.0,0.0,31.99,0.54,1930s,,0-1,0.0,77.7,19.12,0.0
NonResidential,Small- and Mid-Sized Office,East,1922,1.0,3.0,27600,83.0,124.2,961749.0,0.0,844715.0,117069.0,0.0,12.11,0.31,1920s,,2-5,0.0,87.83,12.17,0.0
NonResidential,Small- and Mid-Sized Office,Northeast,2002,1.0,2.0,96300,,462.9,16187105.0,0.0,13835528.0,2404032.0,0.0,224.13,1.71,2000s,,2-5,0.0,85.47,14.85,0.0
NonResidential,Hospital,East,2000,1.0,8.0,1158691,30.0,498.3,297740960.0,122701720.0,170891586.0,2226424.0,0.0,10780.64,8.67,2000s,,6-10,41.21,57.4,0.75,0.0
NonResidential,Educational Building,East,1904,1.0,3.0,48783,49.0,163.1,4579934.0,0.0,1505205.0,2369489.0,0.0,136.34,2.66,1900s,,2-5,0.0,32.87,51.74,0.0
NonResidential,Hotel,East,1991,1.0,8.0,158676,,58.1,5421759.0,0.0,532747.0,4626617.0,0.0,249.43,1.56,1990s,,6-10,0.0,9.83,85.33,0.0
NonResidential,Distribution Center,Greater duwamish,1947,1.0,1.0,21349,65.0,80.3,788925.0,0.0,423751.0,274444.0,0.0,17.53,0.74,1940s,,0-1,0.0,53.71,34.79,0.0
SPS-District K-12,Educational Building,Greater duwamish,1957,1.0,1.0,130862,65.0,97.8,7508759.0,0.0,2151598.0,3699700.0,0.0,211.49,1.55,1950s,,0-1,0.0,28.65,49.27,0.0
NonResidential,Other,Northeast,2002,1.0,6.0,361398,,314.1,9189173.0,0.0,7871797.0,1100457.0,0.0,113.32,0.22,2000s,,6-10,0.0,85.66,11.98,0.0
NonResidential,Small- and Mid-Sized Office,North,1972,1.0,5.0,50759,63.0,168.2,3045139.0,0.0,2556409.0,488836.0,0.0,43.78,0.65,1970s,,2-5,0.0,83.95,16.05,0.0
NonResidential,Educational Building,Downtown,1928,1.0,7.0,126593,,172.1,11360926.0,0.0,4582663.0,5209084.0,0.0,308.6,2.28,1920s,,6-10,0.0,40.34,45.85,0.0
NonResidential,Non-Refrigerated Warehouse,Ballard,1941,1.0,2.0,63240,100.0,6.1,183521.0,0.0,91177.0,92348.0,0.0,5.54,0.08,1940s,,2-5,0.0,49.68,50.32,0.0
Nonresidential COS,Other,Magnolia / queen anne,1962,1.0,1.0,129000,,167.7,28974828.0,8560000.0,14312992.0,0.0,6464408.0,760.51,5.42,1960s,,0-1,29.54,49.4,0.0,22.31
NonResidential,Worship Facility,Ballard,1914,1.0,2.0,33589,95.0,26.0,588117.0,0.0,121667.0,318996.0,0.0,17.79,0.51,1910s,,2-5,0.0,20.69,54.24,0.0
NonResidential,Distribution Center,Greater duwamish,1987,1.0,1.0,111908,69.0,55.3,2481115.0,0.0,1640844.0,614250.0,0.0,44.06,0.33,1990s,,0-1,0.0,66.13,24.76,0.0
NonResidential,Small- and Mid-Sized Office,Ballard,1966,1.0,1.0,22282,92.0,58.2,543430.0,0.0,333542.0,196278.0,0.0,12.75,0.51,1960s,,0-1,0.0,61.38,36.12,0.0
NonResidential,Medical Office,Northeast,1984,1.0,4.0,45264,8.0,255.4,1768692.0,0.0,1695138.0,0.0,0.0,11.82,0.1,1980s,,2-5,0.0,95.84,0.0,0.0
SPS-District K-12,Educational Building,Delridge,1999,1.0,1.0,71714,89.0,93.1,2407341.0,0.0,1903299.0,320100.0,0.0,30.27,0.31,2000s,,0-1,0.0,79.06,13.3,0.0
NonResidential,Supermarket/Grocery Store,Southwest,1997,1.0,1.0,31841,,824.9,13034804.0,0.0,6088718.0,6116456.0,0.0,367.29,10.71,2000s,,0-1,0.0,46.71,46.92,0.0
NonResidential,Refrigerated Warehouse,Greater duwamish,1955,1.0,1.0,25375,,466.3,3814590.0,0.0,3814747.0,0.0,0.0,26.59,0.4,1950s,,0-1,0.0,100.0,0.0,0.0
NonResidential,Small- and Mid-Sized Office,Downtown,1904,1.0,5.0,78920,95.0,0.0,0.0,0.0,1980139.0,0.0,12551.0,13.8,0.07,1900s,,2-5,,inf,,inf
NonResidential,Hotel,Downtown,1980,1.0,33.0,315952,56.0,183.2,22811690.0,4731090.0,14090906.0,3990280.0,0.0,675.34,1.95,1980s,,31-40,20.74,61.77,17.49,0.0
NonResidential,Retail Store,Downtown,1925,1.0,10.0,693450,92.0,175.0,40250124.0,14089.0,38041251.0,2379542.0,0.0,392.65,0.33,1920s,,6-10,0.04,94.51,5.91,0.0
NonResidential,Small- and Mid-Sized Office,Greater duwamish,1969,1.0,2.0,25872,,154.2,1793655.0,0.0,992571.0,703918.0,0.0,44.3,1.55,1970s,,2-5,0.0,55.34,39.24,0.0
NonResidential,Worship Facility,Magnolia / queen anne,1963,1.0,2.0,24227,64.0,67.7,1303354.0,0.0,176180.0,843010.0,0.0,46.0,1.87,1960s,,2-5,0.0,13.52,64.68,0.0
NonResidential,Small- and Mid-Sized Office,Greater duwamish,1979,1.0,2.0,47368,93.0,103.0,2223032.0,0.0,1256180.0,705978.0,0.0,46.25,0.86,1980s,,2-5,0.0,56.51,31.76,0.0
NonResidential,Large Office,Downtown,1989,1.0,25.0,369996,71.0,205.4,24882924.0,0.0,24883957.0,0.0,0.0,173.47,0.18,1990s,,21-30,0.0,100.0,0.0,0.0
NonResidential,Other,Downtown,1900,1.0,3.0,49760,,3.2,24126.0,0.0,24127.0,0.0,0.0,0.17,0.0,1900s,,2-5,0.0,100.0,0.0,0.0
NonResidential,Mixed Use Property,Northeast,1999,1.0,2.0,32928,11.0,518.3,5420552.0,0.0,5420777.0,0.0,0.0,37.79,0.44,2000s,,2-5,0.0,100.0,0.0,0.0
NonResidential,Retail Store,East,1910,1.0,2.0,24750,,75.1,1033030.0,0.0,300321.0,511562.0,0.0,29.26,1.13,1910s,,2-5,0.0,29.07,49.52,0.0
NonResidential,Worship Facility,Magnolia / queen anne,2009,1.0,3.0,23241,60.0,78.9,864917.0,0.0,443363.0,334570.0,0.0,20.86,0.82,2010s,,2-5,0.0,51.26,38.68,0.0
NonResidential,Non-Refrigerated Warehouse,Greater duwamish,1970,1.0,1.0,43390,89.0,36.1,498745.0,0.0,498766.0,0.0,0.0,3.48,0.03,1970s,,0-1,0.0,100.0,0.0,0.0
NonResidential,Non-Refrigerated Warehouse,Greater duwamish,1979,1.0,1.0,26380,,68.2,707373.0,0.0,483613.0,202462.0,0.0,14.12,0.46,1980s,,0-1,0.0,68.37,28.62,0.0
NonResidential,Large Office,Greater duwamish,2012,1.0,6.0,157345,91.0,148.5,7559566.0,0.0,7069944.0,135486.0,0.0,56.48,0.17,2010s,,6-10,0.0,93.52,1.79,0.0
NonResidential,Distribution Center,Greater duwamish,1961,1.0,1.0,73335,21.0,112.6,3630150.0,0.0,2222664.0,1185928.0,0.0,78.48,0.94,1960s,,0-1,0.0,61.23,32.67,0.0
NonResidential,Retail Store,Delridge,1966,1.0,1.0,64984,76.0,120.2,2785857.0,0.0,2423136.0,298611.0,0.0,32.75,0.34,1960s,,0-1,0.0,86.98,10.72,0.0
NonResidential,Supermarket/Grocery Store,North,1980,1.0,1.0,58480,39.0,568.2,11688054.0,0.0,6285540.0,5354091.0,0.0,328.17,5.15,1980s,,0-1,0.0,53.78,45.81,0.0
NonResidential,Mixed Use Property,East,1916,1.0,2.0,20640,,50.7,345399.0,0.0,345413.0,0.0,0.0,2.41,0.04,1910s,,2-5,0.0,100.0,0.0,0.0
NonResidential,Large Office,Downtown,1907,1.0,8.0,201480,88.0,146.9,10742509.0,1609624.0,8125295.0,0.0,0.0,180.89,0.72,1900s,,6-10,14.98,75.64,0.0,0.0
NonResidential,Educational Building,East,1912,1.0,4.0,27800,8.0,222.3,1339654.0,0.0,518887.0,668192.0,0.0,39.1,1.33,1910s,,2-5,0.0,38.73,49.88,0.0
NonResidential,Small- and Mid-Sized Office,Central,1984,1.0,5.0,72613,85.0,145.9,2588948.0,0.0,2106820.0,410343.0,0.0,36.48,0.38,1980s,,2-5,0.0,81.38,15.85,0.0
NonResidential,Mixed Use Property,Southwest,1926,1.0,2.0,23315,,206.2,1553273.0,0.0,862792.0,490261.0,0.0,32.05,1.22,1920s,,2-5,0.0,55.55,31.56,0.0
NonResidential,Small- and Mid-Sized Office,Northeast,1957,1.0,1.0,27966,58.0,182.7,1219385.0,0.0,1101582.0,0.0,0.0,7.68,0.11,1950s,,0-1,0.0,90.34,0.0,0.0
NonResidential,Small- and Mid-Sized Office,Magnolia / queen anne,1952,1.0,3.0,66462,,530.7,8901118.0,0.0,9110347.0,0.0,0.0,63.51,0.37,1950s,,2-5,0.0,102.35,0.0,0.0
NonResidential,Distribution Center,Greater duwamish,1979,1.0,1.0,36982,,26.0,390007.0,0.0,254503.0,84430.0,0.0,6.26,0.14,1980s,,0-1,0.0,65.26,21.65,0.0
NonResidential,Small- and Mid-Sized Office,Lake union,2001,1.0,5.0,33740,68.0,178.8,1404467.0,0.0,1404525.0,0.0,0.0,9.79,0.11,2000s,,2-5,0.0,100.0,0.0,0.0
NonResidential,Educational Building,Central,1922,1.0,2.0,21592,43.0,148.1,1913488.0,0.0,505257.0,1040249.0,0.0,58.77,2.62,1920s,,2-5,0.0,26.41,54.36,0.0
NonResidential,Other,Northwest,1964,1.0,2.0,92080,,147.7,6364577.0,0.0,3355367.0,2850658.0,0.0,174.79,1.74,1960s,,2-5,0.0,52.72,44.79,0.0
NonResidential,Medical Office,Delridge,1970,1.0,1.0,43615,89.0,150.2,3599369.0,0.0,1325644.0,1792715.0,0.0,104.45,2.26,1970s,,0-1,0.0,36.83,49.81,0.0
NonResidential,Small- and Mid-Sized Office,Greater duwamish,1950,1.0,1.0,93610,94.0,154.9,6794765.0,0.0,4130858.0,1972197.0,0.0,133.54,1.24,1950s,,0-1,0.0,60.79,29.03,0.0
Nonresidential COS,Small- and Mid-Sized Office,Ballard,1993,1.0,1.0,27744,66.0,540.0,4770943.0,0.0,4771140.0,0.0,0.0,33.26,0.46,1990s,,0-1,0.0,100.0,0.0,0.0
NonResidential,Medical Office,North,1988,1.0,3.0,28841,61.0,115.8,1415415.0,0.0,930013.0,404901.0,0.0,27.99,0.83,1990s,,2-5,0.0,65.71,28.61,0.0
NonResidential,Large Office,Downtown,2000,1.0,11.0,268130,89.0,182.1,15583794.0,0.0,15535696.0,36591.0,0.0,110.24,0.16,2000s,,11-15,0.0,99.69,0.23,0.0
NonResidential,Non-Refrigerated Warehouse,Lake union,1979,1.0,2.0,78716,24.0,178.7,4673827.0,0.0,4384080.0,289928.0,0.0,45.96,0.34,1980s,,2-5,0.0,93.8,6.2,0.0
Nonresidential COS,Other,Lake union,1900,1.0,1.0,58000,,378.0,8273346.0,0.0,3644232.0,3694428.0,0.0,221.62,3.55,1900s,,0-1,0.0,44.05,44.65,0.0
NonResidential,Non-Refrigerated Warehouse,Greater duwamish,1904,1.0,4.0,114297,67.0,35.1,2060926.0,0.0,854011.0,884748.0,0.0,52.94,0.43,1900s,,2-5,0.0,41.44,42.93,0.0
NonResidential,Mixed Use Property,Northeast,1976,1.0,2.0,34948,22.0,198.3,1211450.0,0.0,1100620.0,0.0,0.0,7.67,0.08,1970s,,2-5,0.0,90.85,0.0,0.0
NonResidential,Non-Refrigerated Warehouse,Greater duwamish,1951,1.0,1.0,24000,,60.7,742565.0,0.0,323579.0,419000.0,0.0,24.51,0.96,1950s,,0-1,0.0,43.58,56.43,0.0
NonResidential,Self-Storage Facility,Greater duwamish,1930,1.0,1.0,25881,,65.2,537141.0,0.0,537164.0,0.0,0.0,3.74,0.06,1930s,,0-1,0.0,100.0,0.0,0.0
NonResidential,Non-Refrigerated Warehouse,Greater duwamish,1926,1.0,2.0,20400,62.0,48.4,445232.0,0.0,260108.0,196650.0,0.0,12.26,0.55,1920s,,2-5,0.0,58.42,44.17,0.0
SPS-District K-12,Educational Building,Lake union,1999,1.0,3.0,95501,88.0,85.1,3488693.0,0.0,2135786.0,969700.0,0.0,66.39,0.6,2000s,,2-5,0.0,61.22,27.8,0.0
NonResidential,Large Office,Greater duwamish,2007,1.0,1.0,158931,20.0,186.2,8104771.0,0.0,7087782.0,490233.0,0.0,75.45,0.28,2010s,,0-1,0.0,87.45,6.05,0.0
NonResidential,Retail Store,Magnolia / queen anne,1978,1.0,1.0,50660,53.0,118.4,2336480.0,0.0,1754715.0,640201.0,0.0,46.23,0.76,1980s,,0-1,0.0,75.1,27.4,0.0
NonResidential,Small- and Mid-Sized Office,Greater duwamish,1982,1.0,2.0,41262,86.0,139.5,1810353.0,0.0,1810428.0,0.0,0.0,12.62,0.12,1980s,,2-5,0.0,100.0,0.0,0.0
NonResidential,Educational Building,East,1925,1.0,3.0,428347,,185.2,39483712.0,13254980.0,21617129.0,1496748.0,0.0,1253.31,2.71,1920s,,2-5,33.57,54.75,3.79,0.0
NonResidential,Retail Store,Downtown,1940,1.0,3.0,83118,51.0,176.8,2713835.0,0.0,2444122.0,199928.0,0.0,27.66,0.21,1940s,,2-5,0.0,90.06,7.37,0.0
NonResidential,Small- and Mid-Sized Office,Downtown,1917,1.0,2.0,21600,,231.1,2056223.0,0.0,1355575.0,588253.0,0.0,40.69,1.61,1910s,,2-5,0.0,65.93,28.61,0.0
NonResidential,Other,Downtown,1955,1.0,2.0,31890,3.0,154.3,1531473.0,0.0,1691092.0,0.0,0.0,11.79,0.14,1950s,,2-5,0.0,110.42,0.0,0.0
NonResidential,Retail Store,Downtown,1914,1.0,4.0,79957,34.0,266.0,5542252.0,0.0,5680936.0,0.0,0.0,39.6,0.19,1910s,,2-5,0.0,102.5,0.0,0.0
NonResidential,Worship Facility,Northeast,1927,1.0,2.0,78401,,65.8,2713090.0,0.0,993032.0,1156331.0,0.0,68.34,0.82,1920s,,2-5,0.0,36.6,42.62,0.0
SPS-District K-12,Educational Building,Southeast,1991,1.0,2.0,58933,71.0,127.9,2473493.0,0.0,2150209.0,0.0,0.0,14.99,0.1,1990s,,2-5,0.0,86.93,0.0,0.0
NonResidential,Non-Refrigerated Warehouse,Greater duwamish,1932,1.0,1.0,24617,98.0,13.0,94186.0,0.0,94189.0,0.0,0.0,0.66,0.01,1930s,,0-1,0.0,100.0,0.0,0.0
NonResidential,Other,Southwest,1920,1.0,1.0,31332,,358.0,3572227.0,0.0,3643263.0,0.0,0.0,25.4,0.31,1920s,,0-1,0.0,101.99,0.0,0.0
NonResidential,Mixed Use Property,Greater duwamish,1916,1.0,1.0,27000,,33.6,289310.0,0.0,257964.0,0.0,0.0,1.8,0.03,1910s,,0-1,0.0,89.17,0.0,0.0
SPS-District K-12,Educational Building,Greater duwamish,1971,1.0,2.0,52901,82.0,93.1,2338338.0,0.0,1181533.0,804900.0,0.0,50.98,0.87,1970s,,2-5,0.0,50.53,34.42,0.0
NonResidential,Small- and Mid-Sized Office,Lake union,1986,1.0,4.0,57432,,248.3,2700903.0,0.0,2498788.0,0.0,0.0,17.42,0.12,1990s,,2-5,0.0,92.52,0.0,0.0
NonResidential,Residence Hall,Northeast,1930,1.0,3.0,20960,,131.3,1797865.0,0.0,382271.0,1087614.0,0.0,60.43,2.8,1930s,,2-5,0.0,21.26,60.49,0.0
NonResidential,Small- and Mid-Sized Office,Ballard,1961,1.0,2.0,94900,57.0,165.9,6605535.0,0.0,4289697.0,1754334.0,0.0,123.08,1.1,1960s,,2-5,0.0,64.94,26.56,0.0
NonResidential,Other,East,1964,1.0,4.0,49243,,471.3,8436996.0,0.0,7551223.0,886085.0,0.0,99.7,1.37,1960s,,2-5,0.0,89.5,10.5,0.0
NonResidential,Non-Refrigerated Warehouse,Greater duwamish,1970,1.0,1.0,23750,,80.9,538740.0,0.0,538763.0,0.0,0.0,3.76,0.06,1970s,,0-1,0.0,100.0,0.0,0.0
NonResidential,Non-Refrigerated Warehouse,Greater duwamish,1927,1.0,1.0,21600,55.0,58.0,658094.0,0.0,260985.0,262159.0,0.0,15.74,0.68,1920s,,0-1,0.0,39.66,39.84,0.0
NonResidential,Large Office,Downtown,1988,1.0,13.0,358259,81.0,199.6,15934393.0,0.0,14090968.0,844867.0,0.0,143.1,0.23,1990s,,11-15,0.0,88.43,5.3,0.0
SPS-District K-12,Educational Building,Southeast,2008,1.0,2.0,29525,55.0,163.0,2041504.0,0.0,1161087.0,527700.0,0.0,36.12,1.05,2010s,,2-5,0.0,56.87,25.85,0.0
Nonresidential COS,Other,Downtown,1999,1.0,2.0,97288,,321.6,13045258.0,0.0,7271004.0,4781283.0,0.0,304.62,2.81,2000s,,2-5,0.0,55.74,36.65,0.0
NonResidential,Other,North,1964,1.0,3.0,54224,,334.9,8292959.0,0.0,3366679.0,4246577.0,0.0,249.01,4.33,1960s,,2-5,0.0,40.6,51.21,0.0
NonResidential,Non-Refrigerated Warehouse,Magnolia / queen anne,1974,1.0,3.0,56259,,82.7,2761760.0,0.0,838298.0,1365971.0,0.0,78.39,1.33,1970s,,2-5,0.0,30.35,49.46,0.0
NonResidential,Large Office,Downtown,1980,1.0,18.0,413715,82.0,208.4,23219110.0,0.0,23069718.0,110365.0,0.0,166.68,0.16,1980s,,16-20,0.0,99.36,0.48,0.0
NonResidential,Medical Office,Downtown,1995,1.0,4.0,43813,76.0,125.1,1798899.0,0.0,1798974.0,0.0,0.0,12.54,0.11,1990s,,2-5,0.0,100.0,0.0,0.0
NonResidential,Retail Store,Northeast,1956,1.0,2.0,54284,16.0,392.9,7139607.0,0.0,6694748.0,313781.0,0.0,63.33,0.64,1950s,,2-5,0.0,93.77,4.39,0.0
Nonresidential COS,Other,Greater duwamish,1906,1.0,,39212,,61.9,773013.0,0.0,773045.0,0.0,0.0,5.39,0.05,1900s,,,0.0,100.0,0.0,0.0
NonResidential,Retail Store,North,1965,1.0,1.0,24982,89.0,88.3,702385.0,0.0,702414.0,0.0,0.0,4.9,0.08,1960s,,0-1,0.0,100.0,0.0,0.0
SPS-District K-12,Educational Building,North,1989,1.0,2.0,52792,98.0,81.6,1440992.0,0.0,1227341.0,0.0,0.0,8.56,0.06,1990s,,2-5,0.0,85.17,0.0,0.0
NonResidential,Other,Northwest,1984,1.0,1.0,144776,57.0,242.1,13355228.0,0.0,10138674.0,3008393.0,0.0,230.45,1.29,1980s,,0-1,0.0,75.92,22.53,0.0
NonResidential,Mixed Use Property,Downtown,1926,1.0,2.0,52549,,537.1,16598244.0,0.0,5294026.0,10290141.0,0.0,583.41,10.67,1920s,,2-5,0.0,31.9,62.0,0.0
NonResidential,Non-Refrigerated Warehouse,Greater duwamish,1961,1.0,1.0,38005,,56.5,752188.0,0.0,635211.0,102295.0,0.0,9.86,0.19,1960s,,0-1,0.0,84.45,13.6,0.0
NonResidential,Retail Store,Greater duwamish,1975,1.0,1.0,43794,86.0,70.0,1115020.0,0.0,906497.0,208561.0,0.0,17.4,0.31,1970s,,0-1,0.0,81.3,18.7,0.0
NonResidential,Hotel,Downtown,1925,1.0,4.0,33018,46.0,320.1,5434227.0,0.0,1826686.0,3085910.0,0.0,176.63,5.11,1920s,,2-5,0.0,33.61,56.79,0.0
NonResidential,Other,Lake union,1963,1.0,4.0,102235,,582.0,26229978.0,0.0,15829648.0,9461368.0,0.0,612.84,5.33,1960s,,2-5,0.0,60.35,36.07,0.0
NonResidential,Supermarket/Grocery Store,North,1996,1.0,1.0,44755,35.0,623.5,13426812.0,0.0,7268728.0,5308909.0,0.0,332.63,6.73,2000s,,0-1,0.0,54.14,39.54,0.0
NonResidential,Other,Magnolia / queen anne,1999,1.0,5.0,141718,,357.7,19087388.0,0.0,14774297.0,4716603.0,0.0,353.49,2.05,2000s,,2-5,0.0,77.4,24.71,0.0
Campus,Educational Building,Delridge,1970,1.0,2.0,441071,,201.9,41809228.0,0.0,24886028.0,12545788.0,0.0,839.79,1.66,1970s,,2-5,0.0,59.52,30.01,0.0
NonResidential,Self-Storage Facility,Northeast,1996,1.0,4.0,38959,,66.6,1323724.0,0.0,584825.0,545296.0,0.0,33.04,0.78,2000s,,2-5,0.0,44.18,41.19,0.0
NonResidential,Mixed Use Property,Lake union,1954,1.0,3.0,67380,65.0,100.9,3131150.0,0.0,1612512.0,1042359.0,0.0,66.6,0.89,1950s,,2-5,0.0,51.5,33.29,0.0
SPS-District K-12,Educational Building,Delridge,1963,1.0,1.0,145341,77.0,75.3,6165405.0,0.0,1914941.0,3083154.0,0.0,177.1,1.16,1960s,,0-1,0.0,31.06,50.01,0.0
NonResidential,Large Office,Downtown,1964,1.0,22.0,336330,75.0,196.4,21205032.0,6288798.0,13565778.0,0.0,0.0,579.99,1.55,1960s,,21-30,29.66,63.97,0.0,0.0
NonResidential,Retail Store,North,1958,1.0,2.0,20738,44.0,75.4,497991.0,0.0,498012.0,0.0,0.0,3.47,0.06,1960s,,2-5,0.0,100.0,0.0,0.0
NonResidential,Small- and Mid-Sized Office,Lake union,1959,1.0,2.0,21128,85.0,95.7,644122.0,0.0,684893.0,0.0,0.0,4.77,0.09,1960s,,2-5,0.0,106.33,0.0,0.0
NonResidential,Hotel,Downtown,1969,1.0,24.0,332210,68.0,121.0,15660628.0,0.0,12308680.0,3352459.0,0.0,263.85,0.63,1970s,,21-30,0.0,78.6,21.41,0.0
Nonresidential COS,Mixed Use Property,Greater duwamish,1966,1.0,1.0,87458,,218.0,10110619.0,0.0,4044893.0,4643950.0,0.0,274.84,2.94,1960s,,0-1,0.0,40.01,45.93,0.0
NonResidential,Other,Downtown,1916,1.0,10.0,540360,67.0,210.4,55378956.0,0.0,26798906.0,26534856.0,0.0,1596.08,2.74,1910s,,6-10,0.0,48.39,47.92,0.0
NonResidential,Self-Storage Facility,Northeast,1947,1.0,3.0,22522,,55.5,920284.0,0.0,129818.0,599722.0,0.0,32.76,1.43,1940s,,2-5,0.0,14.11,65.17,0.0
NonResidential,Worship Facility,Delridge,1963,1.0,1.0,23706,77.0,37.8,479695.0,0.0,187572.0,210793.0,0.0,12.5,0.49,1960s,,0-1,0.0,39.1,43.94,0.0
NonResidential,Non-Refrigerated Warehouse,Lake union,1938,1.0,1.0,40028,78.0,60.7,962238.0,0.0,958572.0,3706.0,0.0,6.88,0.07,1930s,,0-1,0.0,99.62,0.39,0.0
NonResidential,Small- and Mid-Sized Office,Delridge,1988,1.0,2.0,66484,69.0,125.6,3053785.0,0.0,3053912.0,0.0,0.0,21.29,0.12,1990s,,2-5,0.0,100.0,0.0,0.0
NonResidential,Large Office,Downtown,1963,1.0,11.0,169020,90.0,137.8,10845096.0,2726250.0,6065399.0,1319431.0,0.0,322.79,1.76,1960s,,11-15,25.14,55.93,12.17,0.0
NonResidential,Small- and Mid-Sized Office,Downtown,1900,1.0,6.0,89355,55.0,164.9,4767764.0,0.0,4654448.0,88380.0,0.0,37.14,0.19,1900s,,6-10,0.0,97.62,1.85,0.0
NonResidential,Large Office,Downtown,1921,1.0,13.0,189175,13.0,363.3,19018762.0,0.0,19019550.0,0.0,0.0,132.59,0.27,1920s,,11-15,0.0,100.0,0.0,0.0
NonResidential,Medical Office,East,2003,1.0,5.0,275130,69.0,187.7,10624295.0,0.0,10624737.0,0.0,0.0,74.07,0.1,2000s,,2-5,0.0,100.0,0.0,0.0
NonResidential,Non-Refrigerated Warehouse,Greater duwamish,1928,1.0,2.0,40800,,40.9,900054.0,0.0,345845.0,398784.0,0.0,23.59,0.54,1920s,,2-5,0.0,38.42,44.31,0.0
SPS-District K-12,Educational Building,Magnolia / queen anne,2003,1.0,3.0,75214,87.0,82.3,2295845.0,0.0,1807220.0,488700.0,0.0,38.55,0.41,2000s,,2-5,0.0,78.72,21.29,0.0
NonResidential,Other,Northeast,1924,1.0,2.0,21600,,128.7,1730886.0,0.0,1730957.0,0.0,0.0,12.07,0.21,1920s,,2-5,0.0,100.0,0.0,0.0
NonResidential,Other,Southeast,1963,1.0,2.0,20047,,19.7,125753.0,0.0,109018.0,0.0,0.0,0.76,0.01,1960s,,2-5,0.0,86.69,0.0,0.0
NonResidential,Other,Southeast,2009,1.0,,40265,,127.2,2176523.0,0.0,1334228.0,623184.0,0.0,42.4,0.91,2010s,,,0.0,61.3,28.63,0.0
NonResidential,Small- and Mid-Sized Office,Downtown,1900,1.0,6.0,75496,,190.0,3643652.0,0.0,3347706.0,0.0,0.0,23.34,0.12,1900s,,6-10,0.0,91.88,0.0,0.0
NonResidential,Hotel,Northwest,1990,1.0,4.0,41704,84.0,99.5,1943857.0,0.0,995707.0,934033.0,0.0,56.55,1.25,1990s,,2-5,0.0,51.22,48.05,0.0
NonResidential,Hotel,Downtown,1926,1.0,11.0,36240,97.0,107.9,2511813.0,1050707.0,501315.0,542524.0,0.0,113.41,3.07,1920s,,11-15,41.83,19.96,21.6,0.0
NonResidential,Small- and Mid-Sized Office,Downtown,1900,1.0,3.0,28760,,181.9,2854704.0,505677.0,653388.0,1524345.0,0.0,124.54,4.23,1900s,,2-5,17.71,22.89,53.4,0.0
NonResidential,Small- and Mid-Sized Office,Downtown,1979,1.0,3.0,35202,3.0,310.2,3295030.0,0.0,3295167.0,0.0,0.0,22.97,0.25,1980s,,2-5,0.0,100.0,0.0,0.0
NonResidential,Medical Office,East,1963,1.0,3.0,39115,71.0,139.0,2774876.0,0.0,1978902.0,704516.0,0.0,51.21,1.09,1960s,,2-5,0.0,71.31,25.39,0.0
Campus,Mixed Use Property,Downtown,1908,1.0,4.0,137400,,358.3,13883385.0,0.0,13883960.0,0.0,0.0,96.79,0.27,1900s,,2-5,0.0,100.0,0.0,0.0
Nonresidential COS,Other,North,1965,1.0,1.0,24697,,163.7,1443269.0,0.0,866138.0,425068.0,0.0,28.61,1.01,1960s,,0-1,0.0,60.01,29.45,0.0
NonResidential,Mixed Use Property,Downtown,1954,1.0,2.0,28696,,93.0,613798.0,0.0,553897.0,0.0,0.0,3.86,0.05,1950s,,2-5,0.0,90.24,0.0,0.0
NonResidential,Retail Store,Northeast,1997,1.0,1.0,63153,,229.3,4757822.0,0.0,4698741.0,218876.0,0.0,44.38,0.38,2000s,,0-1,0.0,98.76,4.6,0.0
NonResidential,Non-Refrigerated Warehouse,Northeast,1980,1.0,2.0,33576,22.0,129.3,2527633.0,0.0,806726.0,1263187.0,0.0,72.71,2.06,1980s,,2-5,0.0,31.92,49.98,0.0
NonResidential,Educational Building,Central,1951,1.0,2.0,36825,,64.9,2100328.0,0.0,951100.0,873775.0,0.0,53.04,1.33,1950s,,2-5,0.0,45.28,41.6,0.0
NonResidential,Non-Refrigerated Warehouse,Greater duwamish,1951,1.0,2.0,28032,61.0,69.3,1037332.0,0.0,493531.0,563229.0,0.0,33.35,1.11,1950s,,2-5,0.0,47.58,54.3,0.0
NonResidential,Other,North,1960,1.0,1.0,25406,,235.9,2237962.0,0.0,1783239.0,494151.0,0.0,38.68,1.22,1960s,,0-1,0.0,79.68,22.08,0.0
NonResidential,Retail Store,Downtown,1925,1.0,1.0,24825,,35.1,473622.0,0.0,170943.0,216343.0,0.0,12.68,0.48,1920s,,0-1,0.0,36.09,45.68,0.0
NonResidential,Distribution Center,Greater duwamish,1968,1.0,1.0,161678,27.0,140.5,10517501.0,0.0,6430979.0,2814388.0,0.0,194.3,1.03,1970s,,0-1,0.0,61.15,26.76,0.0
NonResidential,Worship Facility,Northeast,1946,1.0,1.0,24295,51.0,31.2,241108.0,0.0,219492.0,0.0,0.0,1.53,0.02,1940s,,0-1,0.0,91.03,0.0,0.0
NonResidential,Large Office,Downtown,1998,1.0,8.0,446261,97.0,127.5,13943064.0,0.0,13943642.0,0.0,0.0,97.2,0.08,2000s,,6-10,0.0,100.0,0.0,0.0
NonResidential,Small- and Mid-Sized Office,Greater duwamish,1921,1.0,3.0,66138,21.0,280.0,4751090.0,0.0,4751288.0,0.0,0.0,33.12,0.19,1920s,,2-5,0.0,100.0,0.0,0.0
NonResidential,Worship Facility,Downtown,1948,1.0,2.0,20920,11.0,102.6,1426364.0,0.0,310391.0,826298.0,0.0,46.05,2.14,1950s,,2-5,0.0,21.76,57.93,0.0
NonResidential,Small- and Mid-Sized Office,East,1920,1.0,2.0,21228,64.0,137.3,928118.0,0.0,800029.0,0.0,0.0,5.58,0.1,1920s,,2-5,0.0,86.2,0.0,0.0
NonResidential,Other,Greater duwamish,1969,1.0,2.0,41790,,121.1,1777554.0,0.0,1529031.0,248587.0,0.0,23.86,0.41,1970s,,2-5,0.0,86.02,13.98,0.0
NonResidential,Small- and Mid-Sized Office,Delridge,1988,1.0,2.0,30659,9.0,279.1,4010498.0,0.0,2463460.0,1116677.0,0.0,76.48,2.15,1990s,,2-5,0.0,61.43,27.84,0.0
NonResidential,Other,Magnolia / queen anne,1965,1.0,1.0,23169,,72.1,234144.0,0.0,234153.0,0.0,0.0,1.63,0.03,1960s,,0-1,0.0,100.0,0.0,0.0
NonResidential,Small- and Mid-Sized Office,Delridge,1970,1.0,3.0,36879,35.0,198.0,1062869.0,0.0,1012076.0,0.0,0.0,7.06,0.07,1970s,,2-5,0.0,95.22,0.0,0.0
NonResidential,Small- and Mid-Sized Office,Delridge,1929,1.0,3.0,85126,99.0,57.7,2019254.0,0.0,1234822.0,784483.0,0.0,50.27,0.53,1930s,,2-5,0.0,61.15,38.85,0.0
NonResidential,Self-Storage Facility,Northeast,2006,1.0,6.0,48179,,40.4,727936.0,0.0,566602.0,129028.0,0.0,10.8,0.17,2010s,,6-10,0.0,77.84,17.73,0.0
NonResidential,Large Office,Downtown,1986,1.0,12.0,115857,74.0,165.3,5543575.0,0.0,5543805.0,0.0,0.0,38.65,0.13,1990s,,11-15,0.0,100.0,0.0,0.0
NonResidential,Hotel,Downtown,1969,1.0,41.0,961990,18.0,246.5,75506272.0,19660404.0,49762435.0,3709900.0,0.0,2061.48,1.92,1970s,,41-50,26.04,65.91,4.91,0.0
NonResidential,Non-Refrigerated Warehouse,Greater duwamish,1960,1.0,1.0,45842,98.0,31.0,787426.0,0.0,702564.0,114312.0,0.0,10.97,0.17,1960s,,0-1,0.0,89.22,14.52,0.0
NonResidential,Non-Refrigerated Warehouse,Greater duwamish,1968,1.0,1.0,48280,27.0,101.8,2093011.0,0.0,1300162.0,792903.0,0.0,51.17,0.94,1970s,,0-1,0.0,62.12,37.88,0.0
Nonresidential COS,Other,Magnolia / queen anne,1961,1.0,1.0,26000,,201.0,4192866.0,1326000.0,2569510.0,0.0,0.0,120.26,4.2,1960s,,0-1,31.63,61.28,0.0,0.0
NonResidential,Worship Facility,Northwest,1965,1.0,2.0,44719,,70.1,1678069.0,0.0,736806.0,799512.0,0.0,47.6,0.99,1960s,,2-5,0.0,43.91,47.64,0.0
NonResidential,Hotel,Northeast,1994,1.0,4.0,81871,20.0,181.8,7677473.0,0.0,3266270.0,4153630.0,0.0,243.37,2.8,1990s,,2-5,0.0,42.54,54.1,0.0
NonResidential,Small- and Mid-Sized Office,Greater duwamish,2007,1.0,3.0,64015,19.0,174.6,3603241.0,0.0,2701378.0,648399.0,0.0,53.27,0.65,2010s,,2-5,0.0,74.97,17.99,0.0
NonResidential,Small- and Mid-Sized Office,North,1985,1.0,3.0,33580,88.0,112.6,738633.0,0.0,695832.0,0.0,0.0,4.85,0.06,1980s,,2-5,0.0,94.21,0.0,0.0
NonResidential,Large Office,Downtown,1983,1.0,13.0,307557,,134.4,9986032.0,0.0,9986445.0,0.0,0.0,69.62,0.09,1980s,,11-15,0.0,100.0,0.0,0.0
NonResidential,Small- and Mid-Sized Office,Downtown,1909,1.0,5.0,48600,100.0,68.8,1544117.0,0.0,1462897.0,81281.0,0.0,14.51,0.17,1900s,,2-5,0.0,94.74,5.26,0.0
SPS-District K-12,Educational Building,Southwest,1991,1.0,3.0,58118,97.0,70.4,1444495.0,0.0,1181942.0,181100.0,0.0,17.86,0.22,1990s,,2-5,0.0,81.82,12.54,0.0
NonResidential,Small- and Mid-Sized Office,Lake union,1957,1.0,2.0,21183,94.0,117.8,523273.0,0.0,501214.0,0.0,0.0,3.49,0.06,1950s,,2-5,0.0,95.78,0.0,0.0
NonResidential,Small- and Mid-Sized Office,East,1917,1.0,3.0,27544,86.0,127.2,1017383.0,0.0,871082.0,167621.0,0.0,14.97,0.41,1910s,,2-5,0.0,85.62,16.48,0.0
SPS-District K-12,Educational Building,Southeast,2004,1.0,2.0,67371,92.0,81.3,2304835.0,0.0,1461994.0,613900.0,0.0,42.8,0.54,2000s,,2-5,0.0,63.43,26.64,0.0
NonResidential,Small- and Mid-Sized Office,Magnolia / queen anne,1970,1.0,4.0,76213,72.0,189.4,3402840.0,0.0,2809470.0,494199.0,0.0,45.83,0.44,1970s,,2-5,0.0,82.56,14.52,0.0
NonResidential,Self-Storage Facility,Magnolia / queen anne,1918,1.0,2.0,28309,,32.1,429158.0,0.0,218955.0,210212.0,0.0,12.69,0.42,1910s,,2-5,0.0,51.02,48.98,0.0
NonResidential,Worship Facility,Southeast,1963,1.0,2.0,22952,98.0,39.9,586980.0,0.0,132736.0,329462.0,0.0,18.42,0.78,1960s,,2-5,0.0,22.61,56.13,0.0
NonResidential,Worship Facility,Southwest,1971,1.0,1.0,23772,89.0,45.5,344505.0,0.0,282910.0,0.0,0.0,1.97,0.03,1970s,,0-1,0.0,82.12,0.0,0.0
NonResidential,Retail Store,Lake union,1929,1.0,2.0,58320,95.0,31.5,1383366.0,0.0,376328.0,697867.0,0.0,39.69,0.65,1930s,,2-5,0.0,27.2,50.45,0.0
NonResidential,Large Office,Downtown,1985,1.0,76.0,1952220,84.0,169.1,93255440.0,0.0,90754881.0,3808965.0,0.0,834.96,0.23,1980s,,50+,0.0,97.32,4.08,0.0
NonResidential,Hospital,Northwest,1966,1.0,1.0,415632,88.0,388.3,95443368.0,0.0,42421724.0,51758703.0,0.0,3044.63,6.89,1960s,,0-1,0.0,44.45,54.23,0.0
NonResidential,Small- and Mid-Sized Office,Downtown,1929,1.0,2.0,20028,95.0,71.3,647030.0,216792.0,335805.0,0.0,0.0,19.07,0.88,1930s,,2-5,33.51,51.9,0.0,0.0
NonResidential,Large Office,Downtown,1982,1.0,24.0,119701,62.0,232.9,8878186.0,0.0,8878556.0,0.0,0.0,61.89,0.2,1980s,,21-30,0.0,100.0,0.0,0.0
NonResidential,Other,Downtown,1922,1.0,3.0,39320,,141.7,3232192.0,1058012.0,971513.0,887026.0,0.0,135.55,3.34,1920s,,2-5,32.73,30.06,27.44,0.0
NonResidential,Small- and Mid-Sized Office,Downtown,1900,1.0,7.0,23622,85.0,119.7,1118346.0,0.0,1069446.0,48944.0,0.0,10.05,0.23,1900s,,6-10,0.0,95.63,4.38,0.0
NonResidential,Non-Refrigerated Warehouse,East,1915,1.0,2.0,43200,25.0,127.3,2306446.0,0.0,1523955.0,651273.0,0.0,45.21,0.89,1910s,,2-5,0.0,66.07,28.24,0.0
NonResidential,Retail Store,Delridge,1965,1.0,1.0,67745,31.0,250.6,10315565.0,0.0,3016102.0,6544988.0,0.0,368.63,5.25,1960s,,0-1,0.0,29.24,63.45,0.0
Nonresidential COS,Other,Magnolia / queen anne,1928,1.0,1.0,60696,,26.9,924980.0,0.0,925018.0,0.0,0.0,6.45,0.04,1920s,,0-1,0.0,100.0,0.0,0.0
NonResidential,Medical Office,Central,1987,1.0,7.0,94500,54.0,191.4,5760221.0,0.0,6010658.0,0.0,0.0,41.9,0.17,1990s,,6-10,0.0,104.35,0.0,0.0
NonResidential,Educational Building,Northeast,1986,1.0,1.0,23190,84.0,126.6,1876070.0,0.0,461877.0,1078378.0,0.0,60.49,2.52,1990s,,0-1,0.0,24.62,57.48,0.0
NonResidential,Hotel,East,1928,1.0,9.0,48006,95.0,101.9,2305450.0,0.0,1241428.0,1122328.0,0.0,68.26,1.31,1920s,,6-10,0.0,53.85,48.68,0.0
NonResidential,Large Office,Magnolia / queen anne,1986,1.0,5.0,154029,,47.5,1886382.0,0.0,1134608.0,751821.0,0.0,47.84,0.28,1990s,,2-5,0.0,60.15,39.86,0.0
NonResidential,Non-Refrigerated Warehouse,Greater duwamish,1978,1.0,1.0,31300,91.0,25.3,347187.0,0.0,204772.0,99485.0,0.0,6.71,0.19,1980s,,0-1,0.0,58.98,28.65,0.0
NonResidential,Hotel,Lake union,2000,1.0,7.0,150453,83.0,133.4,6921805.0,0.0,3586563.0,3136472.0,0.0,191.58,1.17,2000s,,6-10,0.0,51.82,45.31,0.0
NonResidential,Retail Store,Northeast,1996,1.0,1.0,25735,89.0,134.8,1231145.0,0.0,1041854.0,189334.0,0.0,17.32,0.5,2000s,,0-1,0.0,84.62,15.38,0.0
NonResidential,Distribution Center,Delridge,1979,1.0,1.0,42900,60.0,31.1,426299.0,0.0,390742.0,0.0,0.0,2.72,0.02,1980s,,0-1,0.0,91.66,0.0,0.0
NonResidential,Small- and Mid-Sized Office,Greater duwamish,1983,1.0,2.0,24221,11.0,202.8,1564180.0,0.0,1564245.0,0.0,0.0,10.9,0.17,1980s,,2-5,0.0,100.0,0.0,0.0
SPS-District K-12,Educational Building,Central,1925,1.0,2.0,37327,,,,,,,,,,1920s,,2-5,,,,
NonResidential,Non-Refrigerated Warehouse,Greater duwamish,1960,1.0,1.0,73296,82.0,68.7,2781100.0,0.0,1160736.0,1104800.0,0.0,66.77,0.84,1960s,,0-1,0.0,41.74,39.73,0.0
NonResidential,Small- and Mid-Sized Office,Greater duwamish,1923,1.0,1.0,26310,93.0,62.7,764906.0,0.0,631733.0,133199.0,0.0,11.48,0.33,1920s,,0-1,0.0,82.59,17.41,0.0
NonResidential,Mixed Use Property,Downtown,2006,1.0,2.0,33792,,610.7,2271686.0,0.0,1947148.0,240446.0,0.0,26.34,0.53,2010s,,2-5,0.0,85.71,10.58,0.0
NonResidential,Large Office,Downtown,1960,1.0,21.0,298426,68.0,252.4,33323772.0,12454960.0,18193949.0,0.0,0.0,1088.2,3.38,1960s,,21-30,37.38,54.6,0.0,0.0
Campus,Educational Building,Magnolia / queen anne,1945,1.0,2.0,537000,,228.5,69311976.0,0.0,23555184.0,38430391.0,0.0,2205.24,3.92,1940s,,2-5,0.0,33.98,55.45,0.0
NonResidential,Other,Central,1971,1.0,6.0,250981,,162.5,14035072.0,3994742.0,9449227.0,458359.0,0.0,398.56,1.43,1970s,,6-10,28.46,67.33,3.27,0.0
NonResidential,Non-Refrigerated Warehouse,Greater duwamish,1966,1.0,1.0,104900,14.0,99.2,1796889.0,0.0,1796963.0,0.0,0.0,12.53,0.05,1960s,,0-1,0.0,100.0,0.0,0.0
NonResidential,Restaurant,Lake union,1919,1.0,3.0,40686,,101.9,2229396.0,0.0,900618.0,1215628.0,0.0,70.84,1.65,1910s,,2-5,0.0,40.4,54.53,0.0
NonResidential,Other,Downtown,1900,1.0,1.0,62900,,187.8,6366808.0,0.0,2755434.0,3611488.0,0.0,211.01,3.17,1900s,,0-1,0.0,43.28,56.72,0.0
NonResidential,Large Office,Downtown,1910,1.0,6.0,112560,88.0,121.5,4249064.0,0.0,3592873.0,775389.0,0.0,66.23,0.45,1910s,,6-10,0.0,84.56,18.25,0.0
NonResidential,Senior Care Community,Magnolia / queen anne,1970,1.0,2.0,46539,79.0,219.8,5183797.0,0.0,2290380.0,2734552.0,0.0,161.2,3.25,1970s,,2-5,0.0,44.18,52.75,0.0
NonResidential,Non-Refrigerated Warehouse,Greater duwamish,1977,1.0,1.0,29380,30.0,89.9,841381.0,0.0,841416.0,0.0,0.0,5.87,0.08,1980s,,0-1,0.0,100.0,0.0,0.0
NonResidential,Mixed Use Property,Downtown,1910,1.0,5.0,79920,,112.7,2868748.0,0.0,2921489.0,0.0,0.0,20.37,0.1,1910s,,2-5,0.0,101.84,0.0,0.0
NonResidential,Distribution Center,Greater duwamish,1986,1.0,1.0,411584,48.0,71.1,13489560.0,0.0,7370004.0,6410237.0,0.0,391.82,0.87,1990s,,0-1,0.0,54.63,47.52,0.0
NonResidential,Distribution Center,Greater duwamish,1907,1.0,4.0,56270,,58.1,1040593.0,0.0,1040636.0,0.0,0.0,7.25,0.05,1900s,,2-5,0.0,100.0,0.0,0.0
NonResidential,Large Office,Downtown,2002,1.0,37.0,1052469,93.0,146.9,41655852.0,0.0,41657575.0,0.0,0.0,290.4,0.11,2000s,,31-40,0.0,100.0,0.0,0.0
NonResidential,Other,Greater duwamish,1918,1.0,1.0,26075,,170.7,1535784.0,0.0,1357999.0,177842.0,0.0,18.91,0.5,1910s,,0-1,0.0,88.42,11.58,0.0
NonResidential,Small- and Mid-Sized Office,Downtown,1902,1.0,4.0,39030,99.0,53.1,756267.0,0.0,602651.0,153641.0,0.0,12.36,0.25,1900s,,2-5,0.0,79.69,20.32,0.0
NonResidential,Large Office,Downtown,1968,1.0,8.0,157941,89.0,116.9,3157579.0,0.0,3157710.0,0.0,0.0,22.01,0.05,1970s,,6-10,0.0,100.0,0.0,0.0
Nonresidential COS,Other,Downtown,1906,1.0,3.0,67755,,96.7,2015802.0,0.0,1822906.0,0.0,0.0,12.71,0.07,1900s,,2-5,0.0,90.43,0.0,0.0
NonResidential,Hotel,Ballard,2013,1.0,4.0,62381,57.0,189.0,3625434.0,0.0,3625585.0,0.0,0.0,25.27,0.16,2010s,,2-5,0.0,100.0,0.0,0.0
Nonresidential COS,Other,Greater duwamish,2014,1.0,,20993,,131.1,998308.0,0.0,784351.0,128239.0,0.0,12.28,0.42,2010s,,,0.0,78.57,12.85,0.0
NonResidential,Retail Store,Northwest,1970,1.0,1.0,141890,95.0,160.6,17878054.0,0.0,13302459.0,3807145.0,0.0,294.93,1.68,1970s,,0-1,0.0,74.41,21.3,0.0
NonResidential,Large Office,Downtown,1986,1.0,41.0,589921,82.0,166.1,26208138.0,0.0,26209226.0,0.0,0.0,182.71,0.12,1990s,,41-50,0.0,100.0,0.0,0.0
NonResidential,Hotel,Northwest,2002,1.0,3.0,69138,75.0,106.0,3326526.0,0.0,1880991.0,1417657.0,0.0,88.4,1.16,2000s,,2-5,0.0,56.55,42.62,0.0
NonResidential,Retail Store,Downtown,1917,1.0,2.0,147545,59.0,118.4,8210370.0,0.0,4231639.0,2964732.0,0.0,186.96,1.14,1910s,,2-5,0.0,51.54,36.11,0.0
NonResidential,Non-Refrigerated Warehouse,Greater duwamish,1979,1.0,1.0,31600,2.0,233.8,3723542.0,0.0,1665037.0,1448444.0,0.0,88.53,2.58,1980s,,0-1,0.0,44.72,38.9,0.0
NonResidential,Large Office,Magnolia / queen anne,2010,1.0,6.0,920598,93.0,133.0,38835684.0,0.0,28483019.0,8199352.0,0.0,634.03,0.56,2010s,,6-10,0.0,73.34,21.11,0.0
NonResidential,Distribution Center,Greater duwamish,1998,1.0,1.0,35579,60.0,64.5,1320572.0,0.0,422068.0,603609.0,0.0,35.0,0.93,2000s,,0-1,0.0,31.96,45.71,0.0
NonResidential,Small- and Mid-Sized Office,Lake union,1961,1.0,3.0,29392,91.0,86.7,942012.0,0.0,671375.0,148031.0,0.0,12.54,0.33,1960s,,2-5,0.0,71.27,15.71,0.0
NonResidential,Other,Northwest,2009,1.0,1.0,20909,50.0,130.5,1117712.0,0.0,627589.0,423473.0,0.0,26.87,1.16,2010s,,0-1,0.0,56.15,37.89,0.0
NonResidential,Other,Greater duwamish,2009,1.0,1.0,36400,,94.6,1589542.0,0.0,818382.0,740000.0,0.0,45.01,1.14,2010s,,0-1,0.0,51.49,46.55,0.0
NonResidential,Other,Greater duwamish,1939,1.0,2.0,58492,,59.1,1767017.0,0.0,765949.0,1001099.0,0.0,58.51,0.94,1940s,,2-5,0.0,43.35,56.65,0.0
NonResidential,Large Office,Downtown,1922,1.0,15.0,388934,84.0,159.2,20309614.0,957322.0,19353098.0,0.0,0.0,208.81,0.32,1920s,,11-15,4.71,95.29,0.0,0.0
NonResidential,Other,Northeast,1912,1.0,2.0,25767,19.0,303.1,1682672.0,0.0,1644301.0,0.0,0.0,11.46,0.17,1910s,,2-5,0.0,97.72,0.0,0.0
NonResidential,Other,Lake union,2003,1.0,4.0,241159,,538.5,41433784.0,0.0,25279926.0,14904547.0,0.0,967.81,3.56,2000s,,2-5,0.0,61.01,35.97,0.0
NonResidential,Mixed Use Property,Lake union,2001,1.0,3.0,41827,,234.0,4345708.0,0.0,2499034.0,1749154.0,0.0,110.32,2.38,2000s,,2-5,0.0,57.51,40.25,0.0
NonResidential,Small- and Mid-Sized Office,Central,1947,1.0,1.0,45068,100.0,12.8,289791.0,0.0,131065.0,138944.0,0.0,8.29,0.17,1940s,,0-1,0.0,45.23,47.95,0.0
NonResidential,Other,Lake union,1999,1.0,4.0,115748,,754.7,36803004.0,0.0,17857273.0,19420391.0,0.0,1155.9,9.32,2000s,,2-5,0.0,48.52,52.77,0.0
NonResidential,Self-Storage Facility,Magnolia / queen anne,1980,1.0,3.0,30989,,9.7,95544.0,0.0,95548.0,0.0,0.0,0.67,0.01,1980s,,2-5,0.0,100.0,0.0,0.0
NonResidential,Mixed Use Property,Northeast,1998,1.0,1.0,20233,,66.9,619192.0,0.0,337059.0,214756.0,0.0,13.76,0.61,2000s,,0-1,0.0,54.44,34.68,0.0
NonResidential,Mixed Use Property,East,2004,1.0,4.0,77412,,198.9,2919702.0,0.0,2760457.0,47241.0,0.0,21.75,0.13,2000s,,2-5,0.0,94.55,1.62,0.0
NonResidential,Small- and Mid-Sized Office,Ballard,1978,1.0,2.0,28492,9.0,182.6,2055622.0,0.0,1456421.0,599262.0,0.0,41.98,1.25,1980s,,2-5,0.0,70.85,29.15,0.0
NonResidential,Large Office,Downtown,1969,1.0,49.0,1123435,88.0,161.1,51103256.0,0.0,38999312.0,8150777.0,0.0,704.76,0.48,1970s,,41-50,0.0,76.31,15.95,0.0
NonResidential,Large Office,Downtown,1909,1.0,7.0,114395,98.0,82.1,3436894.0,0.0,2067509.0,1031215.0,0.0,69.18,0.53,1900s,,6-10,0.0,60.16,30.0,0.0
NonResidential,Other,Greater duwamish,1937,1.0,1.0,20975,,38.1,275420.0,0.0,240663.0,27616.0,0.0,3.14,0.1,1930s,,0-1,0.0,87.38,10.03,0.0
NonResidential,Large Office,Greater duwamish,2005,1.0,4.0,162157,,712.5,40268260.0,0.0,34844176.0,4218629.0,0.0,466.95,1.96,2010s,,2-5,0.0,86.53,10.48,0.0
NonResidential,Other,Downtown,1930,1.0,2.0,22710,,38.5,278741.0,0.0,278752.0,0.0,0.0,1.94,0.03,1930s,,2-5,0.0,100.0,0.0,0.0
NonResidential,Small- and Mid-Sized Office,Downtown,1924,1.0,4.0,63150,67.0,166.1,2982178.0,0.0,2659391.0,322897.0,0.0,35.69,0.38,1920s,,2-5,0.0,89.18,10.83,0.0
SPS-District K-12,Educational Building,North,1949,1.0,2.0,160645,80.0,77.2,8362498.0,0.0,1709681.0,4678100.0,0.0,260.37,1.58,1950s,,2-5,0.0,20.44,55.94,0.0
NonResidential,Small- and Mid-Sized Office,Lake union,1981,1.0,3.0,26694,95.0,86.9,689369.0,0.0,654691.0,0.0,0.0,4.56,0.07,1980s,,2-5,0.0,94.97,0.0,0.0
NonResidential,Educational Building,East,2014,1.0,2.0,35780,67.0,135.3,2159901.0,0.0,1375705.0,691017.0,0.0,46.29,1.13,2010s,,2-5,0.0,63.69,31.99,0.0
Campus,Other,Lake union,1997,3.0,5.0,535947,,546.4,146248640.0,0.0,69147767.0,67096519.0,0.0,4045.53,6.99,2000s,2-10,2-5,0.0,47.28,45.88,0.0
NonResidential,Worship Facility,Northeast,1927,1.0,3.0,41013,,76.0,1471335.0,0.0,512843.0,758449.0,0.0,43.86,1.02,1920s,,2-5,0.0,34.86,51.55,0.0
NonResidential,Other,Greater duwamish,1994,1.0,2.0,54170,,218.4,5658884.0,0.0,2817442.0,2640649.0,0.0,159.89,2.73,1990s,,2-5,0.0,49.79,46.66,0.0
NonResidential,Mixed Use Property,Downtown,1900,1.0,3.0,22480,,109.4,1003659.0,0.0,1003701.0,0.0,0.0,7.0,0.12,1900s,,2-5,0.0,100.0,0.0,0.0
NonResidential,Large Office,Downtown,1911,1.0,17.0,116640,52.0,192.6,7090985.0,1648136.0,5149604.0,0.0,0.0,163.11,1.21,1910s,,16-20,23.24,72.62,0.0,0.0
NonResidential,Senior Care Community,Downtown,1999,1.0,5.0,102796,,273.0,10902412.0,0.0,7949519.0,2671438.0,0.0,197.3,1.59,2000s,,2-5,0.0,72.92,24.5,0.0
NonResidential,Small- and Mid-Sized Office,Northeast,2001,1.0,6.0,91706,3.0,421.6,7654264.0,0.0,7654580.0,0.0,0.0,53.36,0.22,2000s,,6-10,0.0,100.0,0.0,0.0
NonResidential,Small- and Mid-Sized Office,Greater duwamish,1948,1.0,1.0,53620,88.0,115.8,2131755.0,0.0,1832760.0,166083.0,0.0,21.6,0.26,1950s,,0-1,0.0,85.97,7.79,0.0
NonResidential,Refrigerated Warehouse,Greater duwamish,1969,1.0,1.0,71718,,2.9,93802.0,0.0,93806.0,0.0,0.0,0.65,0.0,1970s,,0-1,0.0,100.0,0.0,0.0
NonResidential,Medical Office,Northeast,1988,1.0,4.0,196749,6.0,408.1,19946232.0,0.0,11456788.0,7780457.0,0.0,493.09,2.26,1990s,,2-5,0.0,57.44,39.01,0.0
NonResidential,Worship Facility,East,1962,1.0,3.0,37796,48.0,110.0,3295798.0,1578661.0,919179.0,228467.0,0.0,140.4,3.61,1960s,,2-5,47.9,27.89,6.93,0.0
NonResidential,Large Office,Downtown,1983,1.0,15.0,378002,84.0,188.8,18635778.0,0.0,15056355.0,2516578.0,0.0,238.61,0.46,1980s,,11-15,0.0,80.79,13.5,0.0
SPS-District K-12,Educational Building,Southwest,2005,1.0,3.0,134918,92.0,85.2,4466541.0,0.0,2927362.0,845800.0,0.0,65.33,0.39,2010s,,2-5,0.0,65.54,18.94,0.0
NonResidential,Non-Refrigerated Warehouse,Downtown,1912,1.0,5.0,154330,79.0,50.5,1532735.0,0.0,1250721.0,0.0,0.0,8.72,0.02,1910s,,2-5,0.0,81.6,0.0,0.0
NonResidential,Educational Building,Northeast,1928,1.0,2.0,55653,84.0,51.3,2690623.0,0.0,10580.0,1992894.0,0.0,105.92,1.9,1920s,,2-5,0.0,0.39,74.07,0.0
NonResidential,Supermarket/Grocery Store,Ballard,1994,1.0,1.0,45522,18.0,659.2,13845827.0,0.0,7402385.0,5608500.0,0.0,349.47,6.98,1990s,,0-1,0.0,53.46,40.51,0.0
NonResidential,Medical Office,Downtown,1925,1.0,18.0,363934,67.0,201.3,24589070.0,6352835.0,16867161.0,10989.0,0.0,608.53,1.47,1920s,,16-20,25.84,68.6,0.04,0.0
NonResidential,Supermarket/Grocery Store,East,1998,1.0,1.0,44739,18.0,733.8,15200272.0,0.0,8331082.0,6213799.0,0.0,388.09,7.87,2000s,,0-1,0.0,54.81,40.88,0.0
NonResidential,Educational Building,Northwest,1954,1.0,3.0,175015,95.0,85.8,8596269.0,0.0,2694187.0,4386042.0,0.0,251.72,1.37,1950s,,2-5,0.0,31.34,51.02,0.0
NonResidential,Hotel,Lake union,1990,1.0,7.0,282863,40.0,186.6,20123722.0,0.0,10638785.0,8190794.0,0.0,509.18,1.64,1990s,,6-10,0.0,52.87,40.7,0.0
Nonresidential COS,Large Office,Downtown,2003,1.0,8.0,199530,70.0,179.3,14294092.0,0.0,8654931.0,4518239.0,0.0,300.3,1.32,2000s,,6-10,0.0,60.55,31.61,0.0
NonResidential,Restaurant,Lake union,1962,1.0,2.0,34072,,387.9,7174807.0,0.0,2545181.0,3909002.0,0.0,225.35,6.29,1960s,,2-5,0.0,35.47,54.48,0.0
NonResidential,Small- and Mid-Sized Office,Downtown,1926,1.0,3.0,57620,50.0,172.7,2739528.0,0.0,2390383.0,0.0,0.0,16.66,0.11,1920s,,2-5,0.0,87.26,0.0,0.0
NonResidential,Worship Facility,Magnolia / queen anne,1953,1.0,2.0,31805,15.0,89.8,1895726.0,0.0,377287.0,1129897.0,0.0,62.64,1.92,1950s,,2-5,0.0,19.9,59.6,0.0
NonResidential,Retail Store,North,1950,1.0,2.0,302812,97.0,62.3,6962648.0,0.0,5702886.0,1431117.0,0.0,115.76,0.3,1950s,,2-5,0.0,81.91,20.55,0.0
NonResidential,Mixed Use Property,Lake union,1928,1.0,2.0,28800,,34.1,487023.0,0.0,224560.0,179413.0,0.0,11.09,0.35,1920s,,2-5,0.0,46.11,36.84,0.0
NonResidential,Other,Magnolia / queen anne,1961,1.0,3.0,22960,,164.5,2363442.0,0.0,594535.0,1447402.0,0.0,81.02,3.42,1960s,,2-5,0.0,25.16,61.24,0.0
Nonresidential COS,Other,East,1932,1.0,1.0,33087,,129.8,4086316.0,0.0,1287650.0,2034653.0,0.0,117.04,3.37,1930s,,0-1,0.0,31.51,49.79,0.0
NonResidential,Small- and Mid-Sized Office,Downtown,1920,1.0,8.0,60660,35.0,192.1,2835493.0,0.0,2876976.0,0.0,0.0,20.06,0.13,1920s,,6-10,0.0,101.46,0.0,0.0
SPS-District K-12,Educational Building,Delridge,1970,1.0,1.0,41526,72.0,114.7,2636908.0,0.0,878029.0,1159700.0,0.0,67.71,1.54,1970s,,0-1,0.0,33.3,43.98,0.0
NonResidential,Non-Refrigerated Warehouse,Central,1954,1.0,1.0,42000,,88.8,2378608.0,0.0,608905.0,1426004.0,0.0,79.98,1.84,1950s,,0-1,0.0,25.6,59.95,0.0
NonResidential,Mixed Use Property,Lake union,2003,1.0,5.0,159700,,595.3,28046502.0,0.0,18957965.0,8162202.0,0.0,565.65,3.03,2000s,,2-5,0.0,67.59,29.1,0.0
NonResidential,Worship Facility,Northwest,1948,1.0,2.0,21393,60.0,80.0,1025125.0,0.0,260288.0,552974.0,0.0,31.18,1.41,1950s,,2-5,0.0,25.39,53.94,0.0
SPS-District K-12,Educational Building,Central,1963,1.0,3.0,136188,67.0,93.8,6929738.0,0.0,2388755.0,3047400.0,0.0,178.5,1.24,1960s,,2-5,0.0,34.47,43.98,0.0
NonResidential,Small- and Mid-Sized Office,Magnolia / queen anne,1970,1.0,5.0,87178,86.0,178.6,3978308.0,0.0,3595056.0,0.0,0.0,25.06,0.11,1970s,,2-5,0.0,90.37,0.0,0.0
NonResidential,Non-Refrigerated Warehouse,North,1987,1.0,4.0,80360,94.0,23.3,892300.0,0.0,446595.0,300200.0,0.0,19.06,0.21,1990s,,2-5,0.0,50.05,33.64,0.0
NonResidential,Distribution Center,Greater duwamish,1971,1.0,1.0,28320,30.0,155.6,2108965.0,0.0,1048584.0,769010.0,0.0,48.15,1.54,1970s,,0-1,0.0,49.72,36.46,0.0
NonResidential,Large Office,Downtown,1900,1.0,6.0,205521,93.0,134.1,8933559.0,1975527.0,4539701.0,1856327.0,0.0,282.72,1.28,1900s,,6-10,22.11,50.82,20.78,0.0
NonResidential,Other,Northwest,1970,1.0,1.0,23166,,149.3,3294645.0,0.0,11.0,3294634.0,0.0,174.98,7.55,1970s,,0-1,0.0,0.0,100.0,0.0
NonResidential,Non-Refrigerated Warehouse,Greater duwamish,1972,1.0,1.0,23232,,23.6,174969.0,0.0,174976.0,0.0,0.0,1.22,0.02,1970s,,0-1,0.0,100.0,0.0,0.0
NonResidential,Senior Care Community,Central,1987,1.0,2.0,74840,48.0,241.6,8860011.0,0.0,4041593.0,4401357.0,0.0,261.93,3.27,1990s,,2-5,0.0,45.62,49.68,0.0
NonResidential,Distribution Center,Greater duwamish,1989,1.0,2.0,98024,77.0,82.9,3537786.0,0.0,2178171.0,1050250.0,0.0,70.96,0.63,1990s,,2-5,0.0,61.57,29.69,0.0
NonResidential,Mixed Use Property,Downtown,1978,1.0,2.0,38539,50.0,285.2,2376244.0,0.0,2308034.0,0.0,0.0,16.09,0.16,1980s,,2-5,0.0,97.13,0.0,0.0
NonResidential,Non-Refrigerated Warehouse,Greater duwamish,1974,1.0,1.0,43380,85.0,32.6,445387.0,0.0,430517.0,0.0,0.0,3.0,0.03,1970s,,0-1,0.0,96.66,0.0,0.0
NonResidential,Other,Ballard,1924,1.0,2.0,21528,,36.1,329960.0,0.0,205967.0,91757.0,0.0,6.31,0.25,1920s,,2-5,0.0,62.42,27.81,0.0
NonResidential,Hotel,Downtown,1908,1.0,3.0,28800,,275.2,5020278.0,0.0,1297371.0,3750619.0,0.0,208.24,7.04,1900s,,2-5,0.0,25.84,74.71,0.0
NonResidential,Supermarket/Grocery Store,Southwest,1946,1.0,2.0,25762,100.0,280.7,2303300.0,0.0,2347990.0,0.0,0.0,16.37,0.24,1940s,,2-5,0.0,101.94,0.0,0.0
NonResidential,Supermarket/Grocery Store,Northeast,1973,1.0,1.0,24377,7.0,914.8,10025450.0,0.0,5804711.0,3816026.0,0.0,243.13,8.95,1970s,,0-1,0.0,57.9,38.06,0.0
NonResidential,Large Office,Downtown,1929,1.0,14.0,137350,89.0,134.6,7353598.0,2367009.0,4211535.0,0.0,0.0,212.06,1.41,1930s,,11-15,32.19,57.27,0.0,0.0
NonResidential,Small- and Mid-Sized Office,Greater duwamish,1913,1.0,4.0,53840,70.0,187.7,3062345.0,0.0,2304926.0,522988.0,0.0,43.84,0.63,1910s,,2-5,0.0,75.27,17.08,0.0
NonResidential,Other,East,1975,1.0,8.0,158738,,1034.8,64304304.0,6159137.0,50549240.0,10016476.0,15527.0,1359.77,7.2,1970s,,6-10,9.58,78.61,15.58,0.02
NonResidential,Small- and Mid-Sized Office,Lake union,1999,1.0,4.0,38038,81.0,175.2,2122753.0,0.0,2112183.0,0.0,0.0,14.72,0.15,2000s,,2-5,0.0,99.5,0.0,0.0
NonResidential,Small- and Mid-Sized Office,Lake union,1970,1.0,7.0,94002,62.0,236.4,7070884.0,0.0,6833274.0,0.0,0.0,47.64,0.19,1970s,,6-10,0.0,96.64,0.0,0.0
NonResidential,Non-Refrigerated Warehouse,Greater duwamish,1963,1.0,1.0,31900,,107.0,1090032.0,0.0,1090077.0,0.0,0.0,7.6,0.09,1960s,,0-1,0.0,100.0,0.0,0.0
NonResidential,Mixed Use Property,East,1908,1.0,4.0,55520,,105.2,3852835.0,0.0,858860.0,2536826.0,0.0,140.72,2.47,1900s,,2-5,0.0,22.29,65.84,0.0
NonResidential,Small- and Mid-Sized Office,Lake union,1960,1.0,2.0,34110,31.0,238.0,2585176.0,0.0,2559592.0,0.0,0.0,17.84,0.2,1960s,,2-5,0.0,99.01,0.0,0.0
NonResidential,Non-Refrigerated Warehouse,Greater duwamish,1979,1.0,1.0,22000,11.0,104.3,731092.0,0.0,731123.0,0.0,0.0,5.1,0.09,1980s,,0-1,0.0,100.0,0.0,0.0
Nonresidential COS,Other,North,1996,1.0,2.0,29258,,418.7,8682092.0,0.0,2578093.0,4904846.0,0.0,278.47,9.14,2000s,,2-5,0.0,29.69,56.49,0.0
NonResidential,Small- and Mid-Sized Office,Greater duwamish,1927,1.0,1.0,22580,90.0,118.9,915300.0,0.0,857989.0,91022.0,0.0,10.82,0.32,1920s,,0-1,0.0,93.74,9.94,0.0
NonResidential,Large Office,Lake union,2001,1.0,5.0,176532,44.0,204.6,6743116.0,0.0,6743395.0,0.0,0.0,47.01,0.1,2000s,,2-5,0.0,100.0,0.0,0.0
SPS-District K-12,Educational Building,Magnolia / queen anne,1925,1.0,1.0,48789,89.0,86.0,1976900.0,0.0,893493.0,651900.0,0.0,40.85,0.76,1920s,,0-1,0.0,45.2,32.98,0.0
SPS-District K-12,Educational Building,Ballard,1958,1.0,1.0,39971,94.0,84.0,1927090.0,0.0,579552.0,919600.0,0.0,52.88,1.26,1960s,,0-1,0.0,30.07,47.72,0.0
Nonresidential COS,Other,Downtown,1922,1.0,2.0,37740,,196.3,3671239.0,0.0,1813369.0,1402659.0,0.0,87.14,2.1,1920s,,2-5,0.0,49.39,38.21,0.0
NonResidential,Other,Greater duwamish,1999,1.0,6.0,1585960,,106.9,59991984.0,0.0,50980399.0,9013708.0,0.0,834.11,0.39,2000s,,6-10,0.0,84.98,15.02,0.0
NonResidential,Other,Downtown,1927,1.0,4.0,32356,92.0,104.1,1463824.0,448146.0,855776.0,0.0,0.0,40.56,1.14,1920s,,2-5,30.61,58.46,0.0,0.0
NonResidential,Residence Hall,Northeast,1929,1.0,3.0,22124,75.0,101.4,714503.0,0.0,686977.0,0.0,0.0,4.79,0.08,1930s,,2-5,0.0,96.15,0.0,0.0
NonResidential,Senior Care Community,North,1998,1.0,5.0,43661,4.0,245.3,4264182.0,0.0,2708351.0,1213827.0,0.0,83.35,1.64,2000s,,2-5,0.0,63.51,28.47,0.0
NonResidential,Non-Refrigerated Warehouse,Greater duwamish,1954,1.0,1.0,78814,87.0,19.8,688110.0,0.0,399918.0,220582.0,0.0,14.5,0.16,1950s,,0-1,0.0,58.12,32.06,0.0
NonResidential,Small- and Mid-Sized Office,Greater duwamish,1970,1.0,2.0,28304,68.0,155.6,1347208.0,0.0,1261767.0,0.0,0.0,8.8,0.12,1970s,,2-5,0.0,93.66,0.0,0.0
NonResidential,Small- and Mid-Sized Office,Southeast,2009,1.0,3.0,38075,,163.8,2068903.0,0.0,1800613.0,121351.0,0.0,19.0,0.3,2010s,,2-5,0.0,87.03,5.87,0.0
NonResidential,Large Office,Downtown,2000,1.0,11.0,312512,,263.1,26313108.0,0.0,26123609.0,190583.0,0.0,192.23,0.26,2000s,,11-15,0.0,99.28,0.72,0.0
NonResidential,Non-Refrigerated Warehouse,Greater duwamish,1970,1.0,1.0,44000,13.0,175.4,5600945.0,0.0,1036506.0,3444546.0,0.0,190.17,4.22,1970s,,0-1,0.0,18.51,61.5,0.0
NonResidential,Retail Store,North,1966,1.0,1.0,41615,63.0,167.9,2225403.0,0.0,2063298.0,0.0,0.0,14.38,0.13,1960s,,0-1,0.0,92.72,0.0,0.0
NonResidential,Residence Hall,Northeast,1926,1.0,4.0,23616,49.0,158.8,2096700.0,0.0,740501.0,1120430.0,0.0,64.67,2.6,1920s,,2-5,0.0,35.32,53.44,0.0
NonResidential,Refrigerated Warehouse,Greater duwamish,1961,1.0,1.0,25577,,101.0,945663.0,0.0,795546.0,184439.0,0.0,15.34,0.47,1960s,,0-1,0.0,84.13,19.5,0.0
NonResidential,Hotel,Greater duwamish,1992,1.0,3.0,22452,78.0,122.0,1381137.0,0.0,589893.0,764350.0,0.0,44.71,1.88,1990s,,2-5,0.0,42.71,55.34,0.0
Nonresidential COS,Other,Greater duwamish,2012,1.0,2.0,137138,,125.3,5529936.0,0.0,5396493.0,0.0,0.0,37.62,0.11,2010s,,2-5,0.0,97.59,0.0,0.0
NonResidential,Non-Refrigerated Warehouse,Greater duwamish,1964,1.0,1.0,33462,1.0,201.5,2147013.0,0.0,2147102.0,0.0,0.0,14.97,0.17,1960s,,0-1,0.0,100.0,0.0,0.0
NonResidential,Small- and Mid-Sized Office,Central,1971,1.0,2.0,39953,92.0,142.1,1721208.0,0.0,1182519.0,370175.0,0.0,27.9,0.57,1970s,,2-5,0.0,68.7,21.51,0.0
NonResidential,Other,East,1945,1.0,0.0,274568,,196.1,26201518.0,13364736.0,11882142.0,0.0,0.0,1114.43,3.87,1940s,,,51.01,45.35,0.0,0.0
NonResidential,Retail Store,Northeast,1953,1.0,4.0,33910,72.0,165.4,1972811.0,0.0,1351956.0,501371.0,0.0,36.05,0.89,1950s,,2-5,0.0,68.53,25.41,0.0
NonResidential,Non-Refrigerated Warehouse,Delridge,1970,1.0,1.0,70400,1.0,488.4,14490864.0,0.0,9170509.0,4894474.0,0.0,323.87,4.04,1970s,,0-1,0.0,63.28,33.78,0.0
NonResidential,Non-Refrigerated Warehouse,Greater duwamish,1956,1.0,1.0,22509,73.0,18.4,132105.0,0.0,132110.0,0.0,0.0,0.92,0.02,1950s,,0-1,0.0,100.0,0.0,0.0
NonResidential,Small- and Mid-Sized Office,Downtown,1989,1.0,2.0,23472,,122.0,1050918.0,0.0,868385.0,190637.0,0.0,16.18,0.53,1990s,,2-5,0.0,82.63,18.14,0.0
